Summary,Issue Type,Priority,Description,Story Points,Epic Name,Labels,Component
"Remove duplicate/backup files","Task","Medium","Remove .backup, .new files in Controllers directory and other duplicate files throughout the project",1,"Critical Fixes","cleanup,technical-debt","Backend"
"Add comprehensive input validation","Task","High","Add FormRequest classes for all calculator inputs with proper validation rules",4,"Critical Fixes","validation,security","Backend"
"Implement proper error handling & logging","Task","High","Implement structured logging with context and proper exception handling",3,"Critical Fixes","logging,error-handling","Backend"
"Add database indexes for performance","Task","High","Add indexes on foreign keys and frequently queried columns for better performance",2,"Critical Fixes","database,performance","Backend"
"Configure proper environment variables","Task","Medium","Review and secure .env configuration and environment setup",1,"Critical Fixes","configuration,security","DevOps"
"Break down FeeCalculatorService into smaller classes","Task","High","Split FeeCalculatorService (936 lines) into CourseCalculator, AccommodationCalculator, DiscountCalculator",8,"Code Quality","refactoring,architecture","Backend"
"Implement Repository pattern for data access","Task","Medium","Create repositories for complex queries and data access abstraction",6,"Code Quality","architecture,patterns","Backend"
"Add comprehensive PHPDoc comments","Task","Medium","Document all public methods and complex logic with proper PHPDoc",4,"Code Quality","documentation,code-quality","Backend"
"Implement caching for expensive calculations","Task","High","Cache school details, pricing rules, currency rates and calculation results",4,"Code Quality","caching,performance","Backend"
"Add proper exception handling classes","Task","Medium","Create custom exceptions for business logic errors and proper error handling",3,"Code Quality","exceptions,error-handling","Backend"
"Optimize database queries (N+1 problems)","Task","High","Use eager loading and query optimization to fix N+1 query problems",4,"Code Quality","database,performance","Backend"
"Create unit tests for FeeCalculatorService","Task","High","Test all calculation scenarios, edge cases, and error conditions",12,"Testing","testing,unit-tests","Backend"
"Add feature tests for calculator functionality","Task","High","Test complete user workflows from form submission to PDF generation",8,"Testing","testing,feature-tests","Backend"
"Create model tests for all Eloquent models","Task","Medium","Test relationships, scopes, and business logic in all models",6,"Testing","testing,models","Backend"
"Add integration tests for PDF generation","Task","Medium","Test PDF generation with various data combinations and scenarios",4,"Testing","testing,pdf","Backend"
"Implement test database seeding","Task","Medium","Create realistic test data for all testing scenarios",3,"Testing","testing,seeding","Backend"
"Set up continuous integration (CI/CD)","Task","Medium","GitHub Actions or similar for automated testing and deployment",4,"Testing","ci-cd,automation","DevOps"
"Add REST API endpoints for mobile/external access","Story","High","Create RESTful API with authentication for external integrations",12,"New Features","api,mobile","Backend"
"Implement real-time currency conversion","Story","Medium","Integration with currency exchange APIs for live rates",6,"New Features","currency,api","Backend"
"Add bulk quotation processing","Story","Medium","Process multiple quotations from CSV/Excel upload functionality",8,"New Features","bulk-processing,import","Backend"
"Create quotation comparison feature","Story","Medium","Side-by-side comparison of different quotation options",6,"New Features","comparison,ui","Frontend"
"Add email quotation sending","Story","Medium","Email templates and queue-based sending for quotations",4,"New Features","email,notifications","Backend"
"Implement quotation history/tracking","Story","Medium","Save and track quotation versions and changes over time",6,"New Features","history,tracking","Backend"
"Add advanced reporting dashboard","Story","High","Charts, analytics, and business intelligence features",10,"New Features","reporting,analytics","Frontend"
"Enhance calculator form with better UX","Story","High","Multi-step wizard, better field grouping, smart defaults",8,"UI/UX","ux,forms","Frontend"
"Add loading states and progress indicators","Task","Medium","Skeleton screens, spinners, progress bars for better user feedback",4,"UI/UX","loading,ux","Frontend"
"Implement responsive design improvements","Task","Medium","Better mobile experience and tablet optimization",6,"UI/UX","responsive,mobile","Frontend"
"Add form validation feedback (real-time)","Task","Medium","Live validation with helpful error messages",4,"UI/UX","validation,ux","Frontend"
"Create better PDF quotation templates","Task","Medium","Professional branded templates with improved layout",6,"UI/UX","pdf,templates","Frontend"
"Add dark mode support","Task","Low","Toggle between light and dark themes",4,"UI/UX","theming,accessibility","Frontend"
"Implement accessibility improvements (WCAG)","Task","Medium","Screen reader support, keyboard navigation, ARIA labels",8,"UI/UX","accessibility,wcag","Frontend"
"Implement application monitoring (Laravel Telescope)","Task","Medium","Install and configure Telescope for debugging and monitoring",3,"Performance","monitoring,debugging","DevOps"
"Add performance profiling","Task","Medium","Identify bottlenecks in calculation process and optimize",4,"Performance","profiling,optimization","Backend"
"Optimize frontend assets","Task","Medium","Code splitting, image optimization, CDN setup",4,"Performance","frontend,optimization","Frontend"
"Implement Redis caching strategy","Task","High","Cache frequently accessed data and calculations using Redis",6,"Performance","caching,redis","Backend"
"Add database query optimization","Task","High","Optimize slow queries and add proper database indexes",4,"Performance","database,optimization","Backend"
"Set up application logging and monitoring","Task","Medium","Structured logging with log aggregation and monitoring",4,"Performance","logging,monitoring","DevOps"
"Create comprehensive API documentation","Task","Medium","OpenAPI/Swagger documentation for all API endpoints",6,"Documentation","api-docs,swagger","Backend"
"Write user manual for admin panel","Task","Medium","Step-by-step guides for all administrative functions",4,"Documentation","user-manual,admin","Documentation"
"Create deployment documentation","Task","Medium","Server setup, deployment process, environment configuration",3,"Documentation","deployment,devops","DevOps"
"Add code style guidelines and linting","Task","Low","PHP CS Fixer and ESLint configuration for code quality",2,"Documentation","code-style,linting","DevOps"
"Create database schema documentation","Task","Medium","Entity relationship diagrams and field descriptions",3,"Documentation","database,schema","Documentation"